<?xml version="1.0" encoding="UTF-8"?>
<con:soapui-project id="84d32371-9b89-44ea-82e6-17416cf57a20" activeEnvironment="Default" name="sewaAPIV2" resourceRoot="${projectDir}" soapui-version="5.6.0" abortOnError="false" runType="SEQUENTIAL" xmlns:con="http://eviware.com/soapui/config"><con:settings/><con:interface xsi:type="con:WsdlInterface" id="09ccd0da-decd-4f50-ada9-06f7d584cf5e" wsaVersion="NONE" name="InitiateSewaNocRequestServicePortBinding" type="wsdl" bindingName="{http://services.view/}InitiateSewaNocRequestServicePortBinding" soapVersion="1_1" anonymous="optional" definition="http://10.3.3.185:8003/SewaApi/InitiateSewaNocRequestServicePort?WSDL" xmlns:xsi="http://www.w3.org/2001/XMLSchema-instance"><con:settings/><con:definitionCache type="TEXT" rootPart="http://10.3.3.185:8003/SewaApi/InitiateSewaNocRequestServicePort?WSDL"><con:part><con:url>http://10.3.3.185:8003/SewaApi/InitiateSewaNocRequestServicePort?WSDL</con:url><con:content><![CDATA[<!--Published by JAX-WS RI (http://jax-ws.java.net). RI's version is JAX-WS RI 2.3.0-wls122140-b190328.0053 svn-revision#unknown.-->
<definitions targetNamespace="http://services.view/" name="InitiateSewaNocRequestService" xmlns="http://schemas.xmlsoap.org/wsdl/" xmlns:wsp="http://www.w3.org/ns/ws-policy" xmlns:wsu="http://docs.oasis-open.org/wss/2004/01/oasis-200401-wss-wssecurity-utility-1.0.xsd" xmlns:wsp1_2="http://schemas.xmlsoap.org/ws/2004/09/policy" xmlns:tns="http://services.view/" xmlns:xsd="http://www.w3.org/2001/XMLSchema" xmlns:soap="http://schemas.xmlsoap.org/wsdl/soap/" xmlns:wsam="http://www.w3.org/2007/05/addressing/metadata">
  <types>
    <xsd:schema>
      <xsd:import namespace="http://services.view/" schemaLocation="http://10.3.3.185:8003/SewaApi/InitiateSewaNocRequestServicePort?xsd=1"/>
    </xsd:schema>
  </types>
  <message name="InitiateSewaNocRequest">
    <part name="parameters" element="tns:InitiateSewaNocRequest"/>
  </message>
  <message name="InitiateSewaNocRequestResponse">
    <part name="parameters" element="tns:InitiateSewaNocRequestResponse"/>
  </message>
  <message name="validateSewaAccNo">
    <part name="parameters" element="tns:validateSewaAccNo"/>
  </message>
  <message name="validateSewaAccNoResponse">
    <part name="parameters" element="tns:validateSewaAccNoResponse"/>
  </message>
  <portType name="InitiateSewaNocRequestService">
    <operation name="InitiateSewaNocRequest">
      <input wsam:Action="http://services.view/InitiateSewaNocRequestService/InitiateSewaNocRequestRequest" message="tns:InitiateSewaNocRequest"/>
      <output wsam:Action="http://services.view/InitiateSewaNocRequestService/InitiateSewaNocRequestResponse" message="tns:InitiateSewaNocRequestResponse"/>
    </operation>
    <operation name="validateSewaAccNo">
      <input wsam:Action="http://services.view/InitiateSewaNocRequestService/validateSewaAccNoRequest" message="tns:validateSewaAccNo"/>
      <output wsam:Action="http://services.view/InitiateSewaNocRequestService/validateSewaAccNoResponse" message="tns:validateSewaAccNoResponse"/>
    </operation>
  </portType>
  <binding name="InitiateSewaNocRequestServicePortBinding" type="tns:InitiateSewaNocRequestService">
    <soap:binding transport="http://schemas.xmlsoap.org/soap/http" style="document"/>
    <operation name="InitiateSewaNocRequest">
      <soap:operation soapAction=""/>
      <input>
        <soap:body use="literal"/>
      </input>
      <output>
        <soap:body use="literal"/>
      </output>
    </operation>
    <operation name="validateSewaAccNo">
      <soap:operation soapAction=""/>
      <input>
        <soap:body use="literal"/>
      </input>
      <output>
        <soap:body use="literal"/>
      </output>
    </operation>
  </binding>
  <service name="InitiateSewaNocRequestService">
    <port name="InitiateSewaNocRequestServicePort" binding="tns:InitiateSewaNocRequestServicePortBinding">
      <soap:address location="http://10.3.3.185:8003/SewaApi/InitiateSewaNocRequestServicePort"/>
    </port>
  </service>
</definitions>]]></con:content><con:type>http://schemas.xmlsoap.org/wsdl/</con:type></con:part><con:part><con:url>http://10.3.3.185:8003/SewaApi/InitiateSewaNocRequestServicePort?xsd=1</con:url><con:content><![CDATA[<!--Published by JAX-WS RI (http://jax-ws.java.net). RI's version is JAX-WS RI 2.3.0-wls122140-b190328.0053 svn-revision#unknown.-->
<xsd:schema targetNamespace="http://services.view/" xmlns:ns0="http://services.view/" xmlns:xsd="http://www.w3.org/2001/XMLSchema">
  <xsd:complexType name="InitiateSewaNocRequest">
    <xsd:sequence>
      <xsd:element name="request" type="ns0:initiateNewSewaNocReq" minOccurs="0"/>
    </xsd:sequence>
  </xsd:complexType>
  <xsd:complexType name="InitiateSewaNocRequestResponse">
    <xsd:sequence>
      <xsd:element name="return" type="ns0:initiateNewSewaNocResp" minOccurs="0"/>
    </xsd:sequence>
  </xsd:complexType>
  <xsd:complexType name="validateSewaAccNo">
    <xsd:sequence>
      <xsd:element name="request" type="ns0:validateSewaAccNoRequest" minOccurs="0"/>
    </xsd:sequence>
  </xsd:complexType>
  <xsd:complexType name="validateSewaAccNoResponse">
    <xsd:sequence>
      <xsd:element name="return" type="ns0:validateSewaAccNoResp" minOccurs="0"/>
    </xsd:sequence>
  </xsd:complexType>
  <xsd:complexType name="initiateNewSewaNocReq">
    <xsd:complexContent>
      <xsd:extension base="ns0:auctionServiceReq">
        <xsd:sequence>
          <xsd:element name="caId" type="xsd:string" minOccurs="0"/>
          <xsd:element name="contractorTradelicenseIssuingAuthority" type="xsd:string" minOccurs="0"/>
          <xsd:element name="contractorTradelicenseNumber" type="xsd:string" minOccurs="0"/>
          <xsd:element name="idNo" type="xsd:string" minOccurs="0"/>
          <xsd:element name="idType" type="xsd:string" minOccurs="0"/>
          <xsd:element name="isNewCA" type="xsd:string" minOccurs="0"/>
          <xsd:element name="trxNo" type="xsd:string" minOccurs="0"/>
        </xsd:sequence>
      </xsd:extension>
    </xsd:complexContent>
  </xsd:complexType>
  <xsd:complexType name="auctionServiceReq"/>
  <xsd:complexType name="initiateNewSewaNocResp">
    <xsd:complexContent>
      <xsd:extension base="ns0:auctionServiceResp">
        <xsd:sequence>
          <xsd:element name="portalSRNo" type="xsd:string" minOccurs="0"/>
          <xsd:element name="processFiles" type="ns0:sewaProcessResponseFiles" minOccurs="0" maxOccurs="unbounded" nillable="true"/>
          <xsd:element name="sapsrNo" type="xsd:string" minOccurs="0"/>
        </xsd:sequence>
      </xsd:extension>
    </xsd:complexContent>
  </xsd:complexType>
  <xsd:complexType name="auctionServiceResp">
    <xsd:sequence>
      <xsd:element name="responseCode" type="xsd:string" minOccurs="0"/>
      <xsd:element name="responseDesc" type="xsd:string" minOccurs="0"/>
    </xsd:sequence>
  </xsd:complexType>
  <xsd:complexType name="sewaProcessResponseFiles">
    <xsd:sequence>
      <xsd:element name="fileContent" type="xsd:string" minOccurs="0"/>
      <xsd:element name="fileContentType" type="xsd:string" minOccurs="0"/>
      <xsd:element name="fileId" type="xsd:string" minOccurs="0"/>
      <xsd:element name="fileName" type="xsd:string" minOccurs="0"/>
      <xsd:element name="fileType" type="xsd:string" minOccurs="0"/>
    </xsd:sequence>
  </xsd:complexType>
  <xsd:complexType name="validateSewaAccNoRequest">
    <xsd:sequence>
      <xsd:element name="caId" type="xsd:string" minOccurs="0"/>
      <xsd:element name="idNo" type="xsd:string" minOccurs="0"/>
    </xsd:sequence>
  </xsd:complexType>
  <xsd:complexType name="validateSewaAccNoResp">
    <xsd:complexContent>
      <xsd:extension base="ns0:auctionServiceResp">
        <xsd:sequence>
          <xsd:element name="statusCode" type="xsd:string" minOccurs="0"/>
          <xsd:element name="statusDesc" type="xsd:string" minOccurs="0"/>
        </xsd:sequence>
      </xsd:extension>
    </xsd:complexContent>
  </xsd:complexType>
  <xsd:element name="InitiateSewaNocRequest" type="ns0:InitiateSewaNocRequest"/>
  <xsd:element name="InitiateSewaNocRequestResponse" type="ns0:InitiateSewaNocRequestResponse"/>
  <xsd:element name="validateSewaAccNo" type="ns0:validateSewaAccNo"/>
  <xsd:element name="validateSewaAccNoResponse" type="ns0:validateSewaAccNoResponse"/>
</xsd:schema>]]></con:content><con:type>http://www.w3.org/2001/XMLSchema</con:type></con:part></con:definitionCache><con:endpoints><con:endpoint>http://10.3.3.185:8003/SewaApi/InitiateSewaNocRequestServicePort</con:endpoint></con:endpoints><con:operation id="f34b25b9-bef0-4787-8099-9387cd6bb636" isOneWay="false" action="" name="InitiateSewaNocRequest" bindingOperationName="InitiateSewaNocRequest" type="Request-Response" inputName="" receivesAttachments="false" sendsAttachments="false" anonymous="optional"><con:settings/><con:call id="56f3b1de-2932-4e20-a66f-012c4396f575" name="Request 1"><con:settings><con:setting id="com.eviware.soapui.impl.wsdl.WsdlRequest@request-headers">&lt;xml-fragment/></con:setting></con:settings><con:encoding>UTF-8</con:encoding><con:endpoint>http://10.3.3.185:8005/SewaApi/InitiateSewaNocRequestServicePort</con:endpoint><con:request><![CDATA[<soapenv:Envelope xmlns:soapenv="http://schemas.xmlsoap.org/soap/envelope/" xmlns:ser="http://services.view/">\r
   <soapenv:Header/>\r
   <soapenv:Body>\r
      <ser:InitiateSewaNocRequest>\r
         <!--Optional:-->\r
         <request>\r
            <!--Optional:-->\r
            <caId>3073350254</caId>\r
            <!--Optional:-->\r
            <contractorTradelicenseIssuingAuthority>UA</contractorTradelicenseIssuingAuthority>\r
            <!--Optional:-->\r
            <contractorTradelicenseNumber>123</contractorTradelicenseNumber>\r
            <!--Optional:-->\r
            <idNo>784196763927900</idNo>\r
            <!--Optional:-->\r
            <idType>1</idType>\r
            <!--Optional:-->\r
            <isNewCA>0</isNewCA>\r
            <!--Optional:-->\r
            <trxNo>2102024001953037</trxNo>\r
         </request>\r
      </ser:InitiateSewaNocRequest>\r
   </soapenv:Body>\r
</soapenv:Envelope>]]></con:request><con:credentials><con:authType>No Authorization</con:authType></con:credentials><con:jmsConfig JMSDeliveryMode="PERSISTENT"/><con:jmsPropertyConfig/><con:wsaConfig mustUnderstand="NONE" version="200508" action="http://services.view/InitiateSewaNocRequestService/InitiateSewaNocRequestRequest"/><con:wsrmConfig version="1.2"/></con:call></con:operation><con:operation id="b6a4da08-503c-4532-8a45-62f65178991d" isOneWay="false" action="" name="validateSewaAccNo" bindingOperationName="validateSewaAccNo" type="Request-Response" inputName="" receivesAttachments="false" sendsAttachments="false" anonymous="optional"><con:settings/><con:call id="47bed730-93d9-42a4-8034-9ecb1d78b604" name="Request 1"><con:settings><con:setting id="com.eviware.soapui.impl.wsdl.WsdlRequest@request-headers">&lt;xml-fragment/></con:setting></con:settings><con:encoding>UTF-8</con:encoding><con:endpoint>http://10.3.3.185:8005/SewaApi/InitiateSewaNocRequestServicePort</con:endpoint><con:request><![CDATA[<soapenv:Envelope xmlns:soapenv="http://schemas.xmlsoap.org/soap/envelope/" xmlns:ser="http://services.view/">\r
   <soapenv:Header/>\r
   <soapenv:Body>\r
      <ser:validateSewaAccNo>\r
         <!--Optional:-->\r
         <request>\r
            <!--Optional:-->\r
            <caId>3073350254</caId>\r
            <!--Optional:-->\r
            <idNo>784196763927900</idNo>\r
         </request>\r
      </ser:validateSewaAccNo>\r
   </soapenv:Body>\r
</soapenv:Envelope>]]></con:request><con:credentials><con:authType>No Authorization</con:authType></con:credentials><con:jmsConfig JMSDeliveryMode="PERSISTENT"/><con:jmsPropertyConfig/><con:wsaConfig mustUnderstand="NONE" version="200508" action="http://services.view/InitiateSewaNocRequestService/validateSewaAccNoRequest"/><con:wsrmConfig version="1.2"/></con:call></con:operation></con:interface><con:properties/><con:wssContainer/><con:oAuth2ProfileContainer/><con:oAuth1ProfileContainer/></con:soapui-project>